<?xml version="1.0" encoding="UTF-8"?>
<krpano>
<skin_settings photo{$photo_id}_id="1" photo{$photo_id}_total="{$photourlarrlen}" />

    <layer name="photo{$photo_id}" onloaded="photo{$photo_id}start();" scalechildren="true" visible="false" enabled="True" keep="false" type="container" bgcolor="0x000000" bgalpha="0.7" align="center" width="700" height="560" x="0" y="0" zorder="1000">

        <layer name="photo{$photo_id}_phototext" keep="false" type="container" bgcolor="0x000000" bgalpha="0" align="top" width="100%" height="50" x="0" y="0" zorder="1001">
            <layer name="photo{$photo_id}_phototext_title" url="%SWFPATH%/plugins/textfield.swf" align="center" edge="center" width="95%" height="32" autoheight="true" x="0" y="0" zorder="1002" enabled="true" background="false" border="false" html="{$photorow['ptitle']}" css="text-align:center; color:#FFFFFF; font-family:微软雅黑; font-size:16px;" textshadow="0" visible="true" />
        </layer>

        <layer name="photo{$photo_id}_photoshow" keep="false" type="container" bgcolor="0x000000" bgalpha="0" align="top" width="100%" height="400" x="0" y="50" zorder="1001">
            <layer name="photo{$photo_id}_photobox_left" url="%SWFPATH%/photo/skin/mapleft.png" align="left"  edge="left"  width="25" height="42" x="15" y="0" onclick="if(skin_settings.photo{$photo_id}_id GT 1,set(layer[photo{$photo_id}_photobox_img].width,);set(layer[photo{$photo_id}_photobox_img].height,);sub(skin_settings.photo{$photo_id}_id,1);txtadd(myimgname,photo{$photo_id}_thumbs_img,get(skin_settings.photo{$photo_id}_id));copy(myimgsrc,layer[get(myimgname)].url);set(layer[photo{$photo_id}_photobox_img].url,get(myimgsrc));copy(myimgx,layer[get(myimgname)].x);set(layer[photo{$photo_id}_thumbs_kuang].x,get(myimgx));)"></layer>
            <layer name="photo{$photo_id}_photobox_right" url="%SWFPATH%/photo/skin/mapright.png" align="right"  edge="right"  width="25" height="42" x="15" y="0" onclick="if(skin_settings.photo{$photo_id}_id LT skin_settings.photo{$photo_id}_total,set(layer[photo{$photo_id}_photobox_img].width,);set(layer[photo{$photo_id}_photobox_img].height,);add(skin_settings.photo{$photo_id}_id,1);txtadd(myimgname,photo{$photo_id}_thumbs_img,get(skin_settings.photo{$photo_id}_id));copy(myimgsrc,layer[get(myimgname)].url);set(layer[photo{$photo_id}_photobox_img].url,get(myimgsrc));copy(myimgx,layer[get(myimgname)].x);set(layer[photo{$photo_id}_thumbs_kuang].x,get(myimgx));)"></layer>
             <layer name="photo{$photo_id}_photobox_img" url="{$fileurl}/{$row[0]['file']}" align="center"  edge="center"  width="" height="" x="0" y="0" onloaded="div(mw,get(imagewidth),3);div(mh,get(imageheight),2);if(mw GT mh,if(imagewidth GT 600,set(width,600);,set(height,prop);set(width,get(imagewidth)););,set(width,prop);if(imageheight GT 400,set(height,400);,set(height,get(imageheight));););"></layer>
        </layer>


        <layer name="photo{$photo_id}_photobox" keep="false" type="container" bgcolor="0x000000" bgalpha="0.5" align="bottom" width="700" height="100" x="0" y="0" zorder="1001">
            <layer name="photo{$photo_id}_photoboxin" keep="false" type="container" bgcolor="0x000000" bgalpha="0" align="center" width="690" height="100" x="0" y="0" zorder="1001">
                <layer name="photo{$photo_id}_photobox_scrollarea" url="%SWFPATH%/plugins/scrollarea.swf" alturl="%SWFPATH%/plugins/scrollarea.js" direction="h" align="center" width="{$photoallwidth}" height="100" zorder="1005" onloaded="setcenter(0,0);">
                <volist name="row" id="photo">
                    <layer name="photo{$photo_id}_thumbs_img{$i}" url="{$fileurl}/{$photo['file']}" align="left"  edge="left"  width="90" height="90" x="{$i*95-95}" y="0" onclick="set(layer[photo{$photo_id}_photobox_img].width,);set(layer[photo{$photo_id}_photobox_img].height,);set(layer[photo{$photo_id}_thumbs_kuang].x,get(x));set(skin_settings.photo{$photo_id}_id,{$key+1});set(imgsrc,get(url));set(layer[photo{$photo_id}_photobox_img].url,get(imgsrc));" onloaded="set(mw,get(imagewidth));set(mh,get(imageheight));if(mw GT mh,sub(mdex,get(mw),get(mh));div(mdex,2);txtadd(croptxt,get(mdex),|,0,|,get(mh),|,get(mh));set(crop,get(croptxt));,sub(mdex,get(mh),get(mw));div(mdex,2);txtadd(croptxt,0,|,get(mdex),|,get(mw),|,get(mw));set(crop,get(croptxt)););"></layer>
                </volist>
                <layer  name="photo{$photo_id}_thumbs_kuang" url="%SWFPATH%/photo/skin/kuang.png" align="left"  edge="left"  width="90" height="90" x="0" y="0" zorder="1005"></layer>
                </layer>
            </layer>
        </layer>

        <layer  name="photo{$photo_id}_photobox_close" url="%SWFPATH%/photo/skin/x.png" align="righttop"  edge="righttop"  width="30" height="30" x="-10" y="-10" onhover="showtext('点击关闭');" onclick="set(layer[photo{$photo_id}].visible,false)" zorder="1015"/>

    </layer>

    <action name="photo{$photo_id}start">
        set(chax,1);set(chay,1);
        if(layer[photo{$photo_id}].width GT stagewidth,div(chax,stagewidth,740););
        if(layer[photo{$photo_id}].height GT stageheight,div(chay,stageheight,600););
        if(chax LT chay,set(layer[photo{$photo_id}].scale,get(chax));,set(layer[photo{$photo_id}].scale,get(chay)););
    </action>
</krpano>