<?xml version="1.0" encoding="UTF-8"?>
<krpano showerrors="false">
    <events name="readyaction" onxmlcomplete="start();js(activeready(););" />
    <action name="start">
        loadscene(scene1, null, MERGE);
    </action>
    <scene name="scene1">
        <view hlookat="0" vlookat="0" fov="80" fisheye="0" fovmin="60" fovmax="120" />
        <image type="CUBE">
            <left url="{:CC('web_root')}{$viewrow['left']}" />
            <front url="{:CC('web_root')}{$viewrow['front']}" />
            <right url="{:CC('web_root')}{$viewrow['right']}" />
            <back url="{:CC('web_root')}{$viewrow['back']}" />
            <up url="{:CC('web_root')}{$viewrow['up']}" />
            <down url="{:CC('web_root')}{$viewrow['down']}" />
        </image>
    </scene>
    <plugin name="mapbox" type="container" align="top" width="300" height="276" x="0" y="0" bgcolor="0xFF0000" bgalpha="0.4" ondown="action(dragui)" alpha="1" scale="1" visible="True" rotate="0" keep="true" bgcapture="true" />

    <action name="dragui">
        if(%1 != dragging,
            copy(drag_currentx, x);
            copy(drag_currenty, y);
            copy(drag_stagex, mouse.stagex);
            copy(drag_stagey, mouse.stagey);
            set(drag_sx, +1);
            set(drag_sy, +1);
            if(align == righttop,    set(drag_sx,-1); );
            if(align == right,       set(drag_sx,-1); );
            if(align == rightbottom, set(drag_sx,-1); set(drag_sy,-1); );
            if(align == bottom,      set(drag_sy,-1); );
            if(align == leftbottom,  set(drag_sy,-1); );
            dragui(dragging);
      ,
            if(pressed,
                    sub(dx, mouse.stagex, drag_stagex);
                    sub(dy, mouse.stagey, drag_stagey);
                    mul(dx, drag_sx);
                    mul(dy, drag_sy);
                    add(x, drag_currentx, dx);
                    add(y, drag_currenty, dy);
                    js(shoot(get(x),get(y)););
                    delayedcall(0, dragui(dragging) );
              );
          );
    </action>
</krpano>