﻿<krpano>
	
<!-- 文本样式 -->
<style name="hcMainGui_text" url="%SWFPATH%/plugins/textfield.swf" align="bottom" 
       x="14" oy="23" keep="true" backgroundcolor="0xFFFFFF" backgroundalpha="0.0" roundedge="0"   
       css="font-family:黑体; font-size:15px; color:#FFFFFF;"  width="100" autoheight="" />
	   
	<!-- 评价 -->
	<layer name="hcMainGui" keep="true" url="%SWFPATH%/images/hcs_2.png"
	       align="rightbottom" x="10" y="95" scale="0.7" 
	       visible="false"  
	       onclick="toggleGui();
		   if(layer[hcMainGui_btn].html==隐藏评论,
		      set(layer[hcMainGui_btn].html,显示评论);
			  ,
			  set(layer[hcMainGui_btn].html,隐藏评论);
	         )"
			 />
	
	<layer name="hcMainGui_btn" style="hcMainGui_text"  
           parent="hcMainGui" 
		   html="隐藏评论" 
		   />
	
	<!-- 新加评价 -->
	<layer name="toggle_gui" keep="true" url="%SWFPATH%/images/hc_open.png" 
	       align="rightbottom" x="10" y="170" scale="0.7" 
	       visible="false"  
		   onclick="toggleAddGui()"/>
	
	<layer name="toggle_btn" style="hcMainGui_text"
           parent="toggle_gui" 
		   html="我要评论" 
		   />

	
<!-- 手机端显示比例 -->
<krpano devices="mobile">
<style name="hcMainGui_text" x="23" oy="23" css="font-family:微软雅黑; font-size:12px; color:#FFFFFF;" />
<!-- 新加评价 -->
<layer name="toggle_gui" x="10" y="160" scale="0.5" />
<layer name="toggle_btn" />
<!-- 评价 -->
<layer name="hcMainGui" x="10" y="100" scale="0.5" />
<layer name="hcMainGui_btn" />
</krpano>
<!-- 手机端显示比例 -->	
	
    <action name="showGui">
		setJsVar(showGui, true);
		set(toggle_gui, true);
		set(layer[toggle_gui].visible, true);
		set(layer[hcMainGui].url, "%SWFPATH%/images/hcs_2.png");
		showComments();
	</action>
	
	<action name="hideGui">
		setJsVar(showGui, false);
		set(toggle_gui, false);
		set(layer[toggle_gui].visible, false);
		set(layer[hcMainGui].url, "%SWFPATH%/images/hcs_1.png");
		hideComments();
	</action>
    
	<action name="showAddGui_c">
		set(toggle_addgui, true);
		set(layer[toggle_gui].url, "%SWFPATH%/images/hc_close.png");
		if(%1 != 1, js(showAddGui(true)));
	</action>
    
    <action name="hideAddGui">
		set(toggle_addgui, false);
		set(layer[toggle_gui].url, "%SWFPATH%/images/hc_open.png");
		if(%1 != 1, js(hideAddGui(true)));
		set(hotspot[addGui].visible, false);
	</action>	
	
</krpano>