<krpano>

	<!-- Flat Light Design -->

	<!-- modify the <skin_settings> values -->
	<skin_settings title="false"
	               layout_width="100%"
	               layout_maxwidth="814"
	               controlbar_width="-24"
	               controlbar_height="40"
	               controlbar_offset.normal="20"
	               controlbar_offset.mobile="20"
	               controlbar_offset_closed="-40"
	               controlbar_overlap.no-fractionalscaling="10"
	               controlbar_overlap.fractionalscaling="0"
	               design_skin_images="vtourskin_light.png"
	               design_bgcolor="0x2D3E50"
	               design_bgalpha="0.8"
	               design_bgborder="0"
	               design_bgroundedge="1"
	               design_bgshadow="0 4 10 0x000000 0.3"
	               design_thumbborder_bgborder="2 0xFFFFFF 0.8"
	               design_thumbborder_padding="2"
	               design_thumbborder_bgroundedge="0"
	               design_text_css="color:#FFFFFF; font-family:Arial; font-weight:lighter;"
	               design_text_shadow="1"
	               />

	<!-- adjust the design of some skin elements  -->
	<layer name="skin_layer">
		<layer name="skin_scroll_window">
			<layer name="skin_scroll_layer">
				<layer name="skin_title" background="true" backgroundcolor="get:skin_settings.design_bgcolor" backgroundalpha="get:skin_settings.design_bgalpha" css="calc:skin_settings.design_text_css + ' text-align:left; font-size:12px;'" x="0" y="0" autowidth="true" padding="4 8" />
			</layer>
		</layer>
		<layer name="skin_loadingtext" width="100%" css="calc:skin_settings.design_text_css + ' text-align:center; font-size:20px;'" padding="4 6" textshadow="calc:2.0" textshadowrange="1.0" textshadowangle="90" textshadowcolor="0x2D3E50" textshadowalpha="1.0" />
	</layer>

	<!-- webvr button style (adjust to match skin style) -->
	<style name="webvr_button_style"
	       border="false"
	       roundedge="calc:1.0"
	       backgroundcolor="get:skin_settings.design_bgcolor" backgroundalpha="get:skin_settings.design_bgalpha"
	       shadow="0.01" shadowrange="10.0" shadowangle="90.0" shadowcolor="0x30261B" shadowalpha="0.50"
	       css="calc:skin_settings.design_text_css + ' font-size:' + 20*webvr_setup_scale*webvr_button_scale + 'px;'"
	       />

	<!-- contextmenu style (adjust to match skin style) -->
	<contextmenu customstyle.touch="calc:'default|default|default|'+(skin_settings.design_bgcolor BOR (((1.0-skin_settings.design_bgalpha)*0xFF) LSHT 24))+'|0xFFFFFF|0xBBBBBB|0|0|1|0|4|10|0xB3000000|0|0|4|6|7|0xAAFFFFFF|none|3|0|0|0|3|0xFFFFFF|'+skin_settings.design_bgcolor+'|0|12|8'" />

</krpano>
